{
  "avg_val_mae": 0.04642394557595253,
  "avg_val_rmse": 0.11760635659131624,
  "avg_test_mae": 0.04529266897588968,
  "avg_test_rmse": 0.10928086639222814,
  "avg_val_acc": 0.9914617940199335,
  "avg_test_acc": 0.9923920265780731
}